-0.046506225,0.039380251,0.00930902,0.026081528,0.017402961,0.001810843,0.004661587,0.037537823,0.013382737,0.000444068,0.019431802,-0.01198045,0.01245914,0.023596108,0.016705659,0.039811895,0.030848909,0.017392674,0.011883653,0.010940293,0.004925701,0.007448116,-0.012855166,0.001348937,0.029571581,0.017558718,0.002290858,0.053792428,0.012702968,0.011284087,0.054262859,-0.000677736,0,-0.028262751,0.002592914,0.010666768,-0.018209911,-0.010298752,0.00451468,0.005319161,0.084882962,0.010362787,0.036988569,0.015686596,0.055843736,-0.023289891,-0.012480661,-0.021202208,-0.009357788,0,-0.000876808
0.191207608,-0.010787641,0.013183815,0.027229335,0.010046483,0.010967491,0.000239223,0.011818985,0.022627724,0.011380228,0.032026139,0.042293896,0.015499658,-0.003436771,0.014477235,0.004844591,0.061849635,0.02900722,0.019261221,-0.032523262,0.002244973,-0.002036392,-0.002496405,0.023627187,0.002268323,0.014082575,-0.006200143,-0.051652191,0.005059989,0.00944068,-0.026160826,0.004059545,0.040731287,-0.030788886,0.028925879,0.031334156,0.036094144,0.002068253,-0.006024115,0.010554188,-0.0104713,0.034735764,0.013180905,0.015444322,-0.051910042,-0.015638894,0.003134799,0.019802627,0.015688259,0.065463041,-0.00881063
-0.1954762,0.007689213,0.021882909,0.021092594,0.001960391,0.003263614,-0.001471226,0.035358563,0.014925022,0.010313531,-0.01100933,0.004751435,0.012164022,0.009232392,0.005918302,0.014948426,-0.018339292,0.001776682,0.013585351,0.060153713,0.008928561,-0.0238909,0.015510841,0.027400015,0.025740989,0.00801355,-0.041759215,-0.004049874,0.015782283,0.002867659,-0.062773012,-0.027380218,0.031431159,-0.002276609,0.035019026,0.022872662,-0.008902136,0.014359221,0.016479774,0,-0.019263299,0.004258346,0.036539924,-0.006406172,0.039587357,-0.005854818,0.01244184,-0.011267725,-0.053132773,-0.015297937,0.011876102
0.035481901,0.009826953,0.020848802,0.021684162,0.027098521,0.006188663,-0.00604733,0.032026246,0.018433877,0.010287658,0.013730117,-0.003356356,0.00588535,0.00599425,0.033923754,0.028117098,0.041248063,0.022826449,0.010551624,0.013902751,0.030582835,-0.01805779,-0.009263033,0.037636146,0.016032229,0.02147233,0.028440457,0.071006073,0.018251306,0.006098836,-0.06014366,0.074851227,0.012578782,0.078858575,-0.00568414,0.027263151,0.062113825,0.036003889,0.016212588,0.04365263,0.050353886,0.032058495,0.021689973,0.068307118,0.017633372,0.061487777,-0.00620157,0.048385388,0.087454934,0.047768322,0.034804802
0.021001527,0.012381378,0.021917535,0.014920783,0.011758784,0.014315124,-0.00622896,0.028630261,0.005172235,0.009571175,0.014641948,0.001778223,0.000342576,0.006507762,0.007779745,0.033714551,0.021519605,0.019284365,-2.77E-05,0.007968487,0.040054676,-0.016401224,0.023800899,0.014253316,0.031156572,0.006862664,-0.011749723,0.088705041,0.020011336,0.002087413,0.026219989,0.004497277,0.011049836,-0.006339165,0.00162734,0.038374013,-0.014104606,0.015594858,-0.00881063,0.010000083,0.002547772,0.017675511,0.025041437,-0.027999395,-0.043850056,-0.005537113,0.035144946,0.042278423,-0.044045341,0.022117805,-0.020909659
0.125302212,0.007326343,0.021609671,0.024123232,0.034158458,0.014411277,-0.002356905,0.021824805,-0.027760831,0.009928316,-0.002623286,0.032077959,0.017367159,0.003364893,-0.005642466,0.018255668,0.018847017,0.023845243,0.027248005,0.023716491,-0.061840328,-0.006213681,0.00646773,-0.010566382,-0.054460982,0.006799824,-0.040328165,-0.103078673,0.014242946,0.001508633,0.069214037,0.003200003,0.021067718,0.024602131,0.07402086,0.045985113,-0.049500644,0.01153859,0.01027155,-0.020101179,0.060474932,0.017368506,0.011349428,0.007380107,-0.035486686,0.043461484,0.01342302,0.002583981,0.02226515,-0.003129893,-0.010403215
-0.080563599,-0.02096969,0.009802042,0.007145103,0.019988564,0.016587458,0.0021201,0.010103097,-0.024181192,0.010938983,-0.076186758,0.017204745,0.015215799,0.018066949,-0.072811131,0.015710578,0.028474379,0.009511953,-0.014429555,0.015873302,0.043340082,0.009881557,-0.034561343,-0.027031763,0.050570512,0.006037548,-0.036450751,0.024851596,0.000389634,0.001262103,0.000619003,-0.051125157,0.026544359,0.006699329,0.043581491,0.008948606,-0.170451981,0.003816799,0.017366572,-0.081948075,0.063227782,0.022266801,-0.068768983,-0.023559676,0.056297952,0.012153386,-0.020958851,-0.028797802,0.136124621,0.021706279,0.013847041
0.007155028,0.015956865,0.017794312,0.021090716,-0.000152897,0.012109581,0.00121971,-0.003807616,-0.016783555,0.014026477,-0.078585391,0.009750565,-9.56E-05,-0.006422829,-0.006502134,0.020324032,0.004552494,0.007292518,-0.016763275,0.002995571,-0.017482747,-0.012148728,-0.008782273,-0.003553727,0.004833735,0.004575775,-0.041606059,-0.00095174,0.006146313,0.001412904,-0.076490855,0.029160449,0.016239396,-0.014485509,-0.029338371,0.043579881,-0.012466769,0.015123162,0.001433692,-0.030771659,0.043449232,0.0064558,-0.028612306,-0.027991649,-0.021364822,0.006804528,-0.041704885,-0.022835109,-0.005453567,-0.009245058,-0.003875139
0.01542631,0.002684237,-0.007079895,0.024188367,0.004807396,0.021585563,3.49E-05,0.002580975,-0.016089126,0.008408052,-0.018789559,0.011320832,0.008323471,-0.004000185,0.015058899,0.009842561,-0.003195013,0.004551118,-0.004239486,0.009950254,-0.009019522,-0.009957296,-0.056768489,-0.01048785,-0.009225032,0.009638656,0.013368531,0.004943585,0.022148994,-0.002192166,0.015904908,0.014911135,0.02230102,-0.061243625,0.016608612,0.021097829,0.010695289,0.00747667,0.002861232,0.019691213,-0.002694693,-0.00128783,-0.021656452,0.030497916,0.073118715,-0.018426423,-0.078729165,0.010810916,-0.002920776,-0.0062112,-0.006926435
0.012562619,-0.012023964,-0.032659047,0.035694048,0.028124238,0.013110581,0.000615949,-0.019625258,-0.008985517,0.002123238,-0.019297644,0.016706432,0.008342427,0.043198192,0.023127624,-0.001088864,-0.0074713,0.001546566,0.004702776,-0.003004602,-0.019168209,0.00170774,0.007876823,0.017505255,0.04403554,0.008255284,0.040167372,-0.026265734,0.000153622,0.000964647,0.022750412,-0.058294648,0.042559614,-0.055823148,-0.031229304,0.010384309,0.01408474,0.003717476,0.002853069,0.100613892,-0.024031741,0.0051414,-0.000706464,-0.053997692,-0.043656683,-0.02529056,0.045045146,0.014676714,-0.007339482,-0.050473824,-0.017086944
0.003438688,-0.000734949,-0.000383412,0.00097525,-0.00221015,0.00248375,-0.00077347,-0.004390644,0.010434893,0.001924096,0.048279031,0.019992671,-0.008532282,-0.032601817,0.029978007,-0.01753948,0.021082515,0.010839365,0.021157678,0.011928728,-0.022326406,-0.004354011,0.041409766,0.019523019,-0.012722852,0.014637606,-0.002500234,-0.025638173,0.030232886,0.009153702,-0.003218542,-0.031880732,0.009017194,-0.079847452,0.001886437,0.014359221,-0.061280431,0.018382871,-0.025975486,0.049149941,-0.134716648,0.01020417,0.024434025,-0.005298026,0.028618805,0.014606697,0.047779788,0.06288152,-0.008879082,0.012373977,-0.007985845
0.006340592,0.005922526,0.00262724,0.015002752,0.012430734,0.011285291,0.00686914,0.005308232,0.021815414,0.009902603,0.002442988,0.0255836,0.041636365,0.037033373,0.044182612,0.008494153,-0.010034941,0.005739454,0.007983477,0.01685707,0.007418104,-0.002775306,0.0363453,0.0301155,-0.008494058,0.036149496,0.003936659,0.008255968,0.015384586,0.007928181,-0.08122544,0.041385216,0.01189782,-0.007643349,0.004137678,0.018163971,0.073443917,0.023403408,0.011628038,0.049132689,0.086009399,-0.003814372,0.064754015,0.005298026,-0.004188488,0.040005335,0.054476403,0.041418831,-0.005589729,0.022400937,0.005773945
0.015396437,0.001881258,0.020504266,0.022512043,0.006821053,0.01937274,0.010045621,0.01214015,0.019792429,0.017299368,-0.001390769,0.007431563,0.004046933,0.017064748,0.025691592,-0.019185779,0.01918865,0.008070499,0.005740504,0.020782496,0.042682626,0.010848871,0.020177024,0.013990606,-0.010056524,-0.016503692,0.033899288,0.0038046,0.009034975,0.010861599,0.01457853,0.009414999,0.02395674,0.019627094,-0.006024115,0.058268908,-0.005194817,0.017637141,0.032696587,0.070513784,-0.055486943,0.002544531,0.044255009,0.013123548,-0.03578486,0.028486158,0.084676793,0.04434799,0.018145286,-0.037071126,0.019298845
-0.047374896,0.014798009,0.025901349,0.029211442,0.019097934,0.017853132,0.009947301,0.018605103,0.027394494,0.011397848,0.009992817,0.013762308,0.019660612,-5.12E-05,0.029472045,0.001028549,0.020694275,0.010294752,0.012433496,0.018822013,0.012458536,0.008754239,0.018341511,0.010497651,-0.030920091,0.017406072,0.006144251,0.002793889,0.023700888,0.01093599,-0.046552834,0.044509965,0.031261426,0.028432076,0.037796274,0.029741969,0.05242113,0.005231049,0.027587957,0.063873406,-0.134408201,0.006333143,0.033447934,0.087337269,0.022049831,0.045584957,-0.040032951,0.00795911,0.028578541,0.001640689,0.012947958
0.063528331,0.017581283,0.009865469,0.012363161,0.009133221,0.018091306,0.012300964,0.040016475,0.029181899,0.007566185,0.026665994,0.028533272,0.021569953,-0.000336705,0.016858158,0.027780483,0.010930296,0.018257325,0.015756769,0.008959304,-0.064374997,0.009832624,0.037150396,0.02900237,0.026593024,0.008392733,0.02023853,0.009524166,0.009391664,0.011184946,-0.109782633,-0.025941792,0.031941041,0.022296796,-0.01317735,0.062131781,-0.07347454,0.024056143,0.010825546,0.041061487,0.105149967,0.027398974,0.066517722,0.027108319,-0.018792499,-0.02572333,0.105501351,0.032314789,0.008522779,0.032260862,0.020374219
0.008807774,0.004556744,0.002064721,0.022279265,0.001183468,0.016885895,0.013905663,0.026104848,0.001460298,0.010418572,0.003033037,0.000863281,0.030623762,0.015917735,0.014500564,0.00946563,0.009050592,0.015955739,0.006366511,0.010940264,0.02645431,0.013720724,0.019435779,0.021828603,0.02275339,0.020104215,-0.001858022,0.049132299,0.031751621,0.009158999,-0.049555969,0.032323435,0.021978907,0.025883798,0.009899256,0.042129229,0.078404706,0.01349093,0.053712976,0.017094433,-0.043906342,0.015844329,0.041112943,-0.029500664,0.026739561,0.051735674,0.016342287,0.038714512,0.035773914,0.04044097,-0.015668328
0.008037207,0.010113642,0.015096345,0.02087155,0.008060335,0.000370692,0.01311514,0.011212403,0.012295316,0.007633746,0.011372511,0.012937724,0.029511698,0.016753577,0.028302053,0.010510018,0.020645358,0.007770395,0.016803526,0.000999283,-0.046579334,-0.015316367,0.022325164,0.031190941,-0.003893678,0.010620773,0.000556938,0.023070005,0.011094102,0.009856067,0.078934819,0.003809528,0.033883877,0.048181606,-0.015071044,0.046745013,0.040166042,0.006677821,0.016445658,0.049596941,0.104568123,0.006027746,0.027021512,-0.003599284,0.030659715,0.005586607,-0.018880359,0.069274126,0.007139245,0.018127385,0.021951071
0.00885749,0.013215523,0.011613917,0.021426269,0.01118295,0.004949196,0.005703962,0.026801075,0.007219896,0.015624481,0.02374871,-0.003265581,-0.002620444,0.017455316,-0.007504006,0.016996643,-0.003395528,-0.006677751,0.000140319,0.008960056,0.051465589,0.006687966,0.001689262,0.006668186,0.000997517,0.006462915,0.008394536,-0.002814965,-0.010556428,0.008470605,0.055548703,-0.003173598,0.02129898,-0.016178875,0.015435808,0.009404458,-0.012678458,0.009933857,-0.013897886,-0.036500402,-0.081728631,-0.021872075,0.008329043,0.00599163,0.033218958,-0.001393728,0.018880359,0.044280574,0.010446599,-0.009022618,0.011623211
0.007646157,0.004082322,0.00690421,0.020688698,0.012403216,0.009572765,0.007975165,0.010399934,-0.003317452,0.007897043,0.000795874,0.005956074,-0.010373274,0.011027389,0.009458912,0.028540672,0.012594539,0.001241332,0.002643079,0.001997897,-0.01640242,0.025501754,0.006924268,-0.006115997,0.002829883,0.010413871,0.014142095,-0.045938154,-0.003999779,0.006473702,0.05472928,-0.045521513,0.021346057,-0.015302084,0.048060503,0.010861239,0.017391743,0.004930166,-0.007662873,-0.018762276,0.11159908,-0.001229256,-0.036425246,0,-0.035268139,0,-0.00249688,-0.138115464,0.008013398,-0.072018592,0.002884816
0.009651738,-0.004377926,0.010366449,0.01846469,0.001875875,0.005157564,0.004298899,0.016659409,-0.001447976,0.008585174,0.013401465,0.021455043,-0.005533185,0.014029175,0.015388259,-0.002333564,0.061710543,-0.006090686,0.011608915,-0.002002271,-0.016496499,0.009292645,0.017316418,-0.023891544,0.022775167,0.00224842,0.012089314,-0.052931942,-0.020847468,0.004985973,-0.030596481,0.082955703,0.022341872,0.014739496,0.013121735,-0.00619197,0.026296952,0.004905979,-0.052643733,0.018762276,0.016595517,-0.017370164,-0.050162073,0.003577821,-0.056434694,-0.005127021,0.019802627,-0.070538467,0.004313927,-0.04244669,-0.013673302
0.013139627,-0.007529869,-0.001036663,0.016725376,0.012059895,0.033162289,0.003843063,0.003715696,-0.000769702,0.008291526,-0.003021241,0.011500247,-0.01032111,0.005097924,0.015114272,0.021319782,-0.02488252,0.000265077,0.012419395,0.004987585,0.000576917,0.019595666,0.030330175,-0.02527782,-0.004197727,0.006299274,0.002871479,0.022629185,-0.013688352,0.002652995,0.071110089,-0.022918315,0.01903007,-0.002253522,-0.016603633,-0.017228304,-0.01693651,0.001629992,-0.009504484,0.005560719,-0.001135718,0.011201113,0.005636994,-0.014388737,0.021471571,-0.002339182,0.003669729,-0.042660497,0,0.035932009,-0.00292459
0.013156934,0.002533163,0.006744204,0.021762341,0.006775598,0.001945471,0.004757816,0.022388871,-0.006054922,0.007850026,0.007702982,0.02377067,-0.005870781,0.010371853,0.014227787,0.024806617,0.029726337,-0.004745539,0.003458143,-0.001000459,-0.002823149,0.008395595,-0.011601408,0.007059242,0.040873716,0.008557248,0.011992031,-0.037186598,0.033033751,0.007660259,0.051158696,-0.026024953,0.025129289,-0.007927561,0.007298034,0.010997754,-0.055880458,0.01615544,-0.01789449,0.009199697,0.06329485,-0.011201113,0.000561956,0.001207001,-0.024188226,-0.006578971,0.022934017,0.040337616,0.009884759,-0.041707463,0.044197046
0.016084762,0.01345515,0.008889676,0.022427908,0.004167253,0.004632271,0.001157144,0.000448935,0.000712238,0.021097358,0.017555368,0.00629839,0.004374028,0.017682962,0.022841294,0.003221839,0.007825039,-0.006106938,0.008879048,0.002995522,0.032409198,0.02201053,0.005600182,0.033802051,-0.016026994,0.01643961,0.016965339,0.054679956,0.020635945,0.012892708,0.025253867,-0.000643294,0.031662527,-0.024749465,0.026312811,0.017041466,0.032312989,0.006389798,0.00554018,0.035975102,-0.076449172,-0.017677228,0.022223137,0.020299204,-0.01922608,0.003294896,-0.013213405,0.028655256,0.009788006,0.083313464,0.003995211
0.015483262,0.014154349,0.008088434,0.022300119,0.014638819,0.014828851,0.002698354,0.034709152,0.015194634,0.004907323,0.015710172,0.009350126,0.005016095,0.017562134,0.019873256,0.029271752,0.033636006,0.008524244,0.010926,0.003992001,-0.019361188,0.010440956,0.017000919,0.028705878,0.010676744,0.001270021,0.028547666,0.038301146,0.023598634,0.012035379,-0.036182938,0.051421986,0.039289209,0.047234954,-0.003378382,0.003067487,0.075016031,0.01892801,0.009622067,0.019248188,0.088641213,0.006349228,0.021202208,0.047325623,0.070655382,-0.001410769,0.00241546,0.097874941,0,0.021706279,0.009918748
0.014803566,0.011909798,0.010365212,0.02530291,0.010286858,-0.007360296,0.008020474,0.012559142,0.015594762,0.0096479,0.012525509,0.004132583,0.000868245,0.017376514,0.019191721,0.016580255,0.005813337,0.006817994,0.006671967,0.006975784,-0.022781766,0.004023129,0.031564332,-0.002339545,0.032893728,0.008992978,0.010978524,0.013435503,-0.00296002,0.008170555,0.064457716,0.004269601,0.029109839,-0.024762098,0.038178911,0.015197861,-0.002954212,0.020108953,-0.011004238,0.020583917,-0.007934451,0.006309169,0.031765508,0.004499445,-0.028303776,0.032865721,0.035548767,-0.016529302,0.006472515,0.018237588,0.005511825
0.009908207,0.011659815,0.012901634,0.022857565,0.00205634,0.02108515,0.007228492,0.015326295,0.006847806,0.00978826,0.001768086,0.003820556,-0.002645972,0.011074667,0.008975018,0.011990124,0.034297254,0.003101854,0.014741199,0.007968155,-0.002332113,0.017445469,0.00518322,-0.000537887,0.006194529,0.016904405,0.008782004,0.006008775,0.018710506,0.006657055,0.030441026,0.009088218,0.039940109,0.009639995,0.025724891,0.001507159,-0.045393572,0.012176711,-0.00415801,0.020168751,0.057276422,0.008766493,-0.001042753,0.025486144,0.026234453,0.014915531,-0.001164822,-0.025317808,-0.012987196,0.003007521,0.000392542
0.013829112,-0.012488443,0.011945787,0.028876663,0.012872482,-0.001201848,0.011005813,0.022161565,-0.000824822,0.006253829,0.019216911,0.014397593,0.011002937,-0.00720111,-0.006871282,0.047234368,0.016717368,0.002655422,0.008706811,0.00199811,0.031185262,-0.016656217,0.022270253,0.012171075,0.015650594,-1.33E-05,0.024812101,0.014391084,0.007950302,0.009212112,0.016326893,-0.013357819,0.046447373,0.004504512,-0.022472856,0.020865138,0.078851238,0.01203022,0.001387925,0,0.046542811,0,0.016554956,-0.028858828,-0.01565794,-0.006300651,0.043336313,0.030512625,0.009756175,0.04405999,-0.023026027
0.009571895,-0.003306925,0.008347157,0.008267884,0.00980449,0.001828301,0.007873476,0.014579029,-0.02461907,0.011582023,0.013635042,0.026831055,-0.002857713,0.014983165,0.00018652,0.013264608,0.020741564,0.001996951,0.007069867,0.017839883,0.015897977,0.013473,0.015501976,-0.012566357,0.008889501,0.002050028,0.016054516,0.00361826,-0.031384834,0.004871054,-0.012220111,0.046575582,0.023370834,-0.005633818,0.028801991,0.01173034,-0.011510918,0.011887213,-0.004169568,-0.001665279,-0.078129747,0.002490661,0.0367707,-0.006779687,-0.005274274,0.03548044,0.022075952,-0.048841979,-0.006493529,-0.014472033,-0.003218024
0.011420283,0.010153331,0.006536318,0.036380965,0.01576632,0.014122646,0.011249774,0.025614773,0.059535139,0.010922682,0.010196998,0.02601868,0.008123803,0.019489644,0.016054996,0.026819998,0.021789042,-8.67E-05,0.02856261,0.014888436,0.02992428,0.020958489,0.018750078,0.053150206,0.00338945,0.010826836,0.017990943,0.028509605,0.052787095,0.005411873,0.038477328,0.013905207,0.048009219,0.022899632,-0.00315956,0.037200284,0.01579358,0.026240573,-0.002789402,0.016529302,0.16034265,0.003724399,0.026355845,0.013513719,-0.00423954,0.047232774,0.014092374,0.062223548,0.00972455,0.064902886,-0.006467282
0.020105637,0.012151624,0.007769442,0.026906467,0.012798558,0.011257885,0.010659378,-0.000609644,0.010451238,0.01169122,0.001817957,0.044485152,0.002966703,0.024178943,0.025377588,0.016824518,0.0094316,0.010386087,0.011878386,0.008959698,0.003895953,0.003027448,0.016240778,0.030970354,0.023044677,0.008665551,0.016201493,0.019979409,0.042474785,0.005752885,0.037594256,-0.015072749,0.048519565,0.01207479,-0.006349228,0.033152207,-0.030371098,0.019943681,0.023465535,0.060431739,0.028685148,0.008636698,0.041053182,-0.001119194,-0.056252885,0.024631787,0.023405324,0.03417418,0.025479085,0.002728515,-0.000405597
0.011712181,0.018013231,0.024285997,0.024206095,0.007498245,0.015074993,0.011108899,0.046813834,0.028166755,0.01437831,0.015432318,-0.014403257,0.023767107,0.015910844,0.012704599,0.011233761,0.0223743,0.012640187,0.021704885,0.018821735,-0.006886047,0.044707935,0.02113128,0.025646692,0.012684866,0.007734201,0.012812087,0.039305735,-0.000236011,0.015024651,0.003250274,0.015072749,0.037840559,0.016770747,0.01892801,0,0.041702664,0.020935866,0.051838848,0.033387016,-0.010769003,0.017052788,0.050483905,0.072346704,0.041271332,0.059431219,0.02901758,0.047283289,0.006269613,0.034809405,0.021273128
0.019356546,0.020417234,0.021581971,0.019224243,0.014391847,0.010842984,0.00903307,-0.031354593,0.017886833,0.010902448,0.015447016,0.026251126,0.009967358,0.016670432,0.006848941,0.017118257,0.023664448,0.016823431,0.009446865,0.010939971,0.037137225,0.018932515,0.018663127,0.01441446,-0.005442197,0.011750874,0.015318728,0.020927185,0.003982857,0.013878127,-0.00433605,0.060827674,0.025724891,0.002143624,0.003120127,0.002713706,-0.004234304,0.033947591,-0.002594035,0.011869576,-0.009136457,0.012004946,0.011798258,0.016529302,-0.01247643,0.019675247,0.013191465,0.040633475,0.00623055,0.038714512,0.01966245
0.02084477,0.014036781,0.027830158,0.025245291,0.002854035,0.013812425,0.016588955,0.045050481,0.011311304,0.011760211,0.012071622,0.027582894,0.012795777,0.034127923,0.003113914,0.004961236,0.008055393,-0.001371765,0.018067375,0,-0.009129073,0.033029065,0.016275823,0.005439776,0.036807288,0.01316027,0.011219387,0.003528299,0.012305262,0.016218201,0.056494303,0.029868887,0.037387532,0.013822655,0.0062112,0.00675222,0.027895812,0.040554936,0.007762005,-0.008888947,0.067593291,-0.002389487,0.004767073,0.01827462,-0.015401845,-0.017003999,0.011027681,-0.020110367,0.012345836,0.005050516,0.02081
0.01367405,0.008691887,0.013984539,0.02014461,0.011578432,0.011741017,0.018686403,0.000946659,0.019851133,0.005091378,0.02331614,0.010919234,0.012333123,0.017636658,0.005836343,0.026720286,0.027293731,0.012211899,0.008556016,0.013903073,0.006993002,0.015651825,0.002139581,0.022948352,0.011857827,0.003633016,0.023183329,0.011171638,0.016964102,0.010621707,0.024842849,-0.006854759,0.044850566,0.018829008,0.003091193,0.013369183,-0.006901339,0.021560759,0.020408872,0.022075952,0.016609659,0.008338345,-0.010430342,0.034605529,-0.016205999,0.002664131,0.013861608,0.064365376,-0.009245058,-0.038515672,-0.008041399
0.021286366,-0.003020488,-0.000458981,0.036889116,0.002776641,0.014014395,0.016583238,0.032938687,0.010723028,0.012579339,0.009189199,0.022906517,0.005942243,0.016176194,0.007862267,0.019542849,0.026545668,0.001728951,0.013908551,0.005982105,-0.016085708,0.003505224,0.019828953,0.008579267,0.010619973,0.012537415,-0.011994891,0.053542157,0.004526243,0.010114889,-0.006531046,-0.02518215,0.042925045,-0.003633536,-0.003091193,0.011881328,0.043367229,0.01370738,0.020000667,0.021599112,0.005209389,0.003552402,0.024170361,0,0.011761547,0.00945723,0.013672088,-0.046066604,0.015361285,0.132221635,0.018663654
0.013981688,0.023746301,0.016099843,0.018607081,0.01279773,0.00529992,0.015614647,0.025986297,0.030774802,0.016002361,0.013074519,0.028317152,0.010365756,0.023990376,0.018323949,0.014076098,0.021005292,0.002930481,0.007805604,0.005982081,0.023364397,-0.004207691,0.018117671,0.025925398,0.025796179,0.015069013,0.021588591,0.004183274,0.016839373,0.017786999,-0.00809721,0.063079237,0.019418086,0.045242786,0.054230154,0.056137187,-0.029611854,0.022032715,0.011077036,0.001423488,0.011919092,0.009411834,0.002980628,0.032507643,0.024203602,0.015689526,0.004837939,0.061530829,0.024097552,-0.006904515,0.003390472
0.012975631,-0.008499683,0.023011721,0.030321495,0.016919958,0.015966865,0.014382488,0.030217697,0.018712715,0.007858823,0.010582982,0.016124365,0.011668809,0.010653637,0.013327545,0.02839381,0.045606387,0.009159215,0.013638572,0.01685663,-0.01023694,0.019451822,0.020351611,0.025867081,0.01924071,0.008300128,0.013637778,0.010193237,0.00744052,0.013545065,0.0500476,0.014665244,0.045645507,-0.018560854,-0.00588237,-0.007472015,-0.005479466,0.009638629,0.001223242,0.018323275,0.017228304,-0.004694844,0.022283874,0.002818226,0.001086366,0.023444297,0.018173623,0.04582226,0.011834458,0.038509855,0.008612673
0.016693084,0.009292651,0.013826382,0.033774606,0.013778864,0.011988788,0.015601502,0.01723805,0.011977189,0.011698645,0.015028469,0.022640453,0.016964159,0.021169253,0.009865185,0.022727198,0.031670983,0.015713803,0.009228205,0.008959816,0.055714149,0.024541699,0.013553945,0.028179667,-0.001628196,0.01637429,0.01326278,0.033039237,0.046914927,0.006672702,0.053176489,-0.006042314,0.046162042,0.014576785,0.020438668,0.034401427,-0.052161224,0.033021868,0.018171306,0.045058817,0.038085334,0.025553074,0.001246624,0.018587896,0.003793015,0.047720664,0.015985296,0.07602563,0.026126305,0.026317308,-0.014269863
0.0149982,0.017009115,0.008432498,0.033530738,0.011125752,0.008812381,0.022373886,0.033733967,0.021865118,0.008011694,0.013459513,0.028395562,0.018427199,0.022865155,0.017972351,0.003296525,0.007505996,0.01744582,0.015545983,0.016857381,0.000539267,0.014943788,0.021616748,0.020663831,0.033250263,0.008660174,0.005098226,0.020431177,-0.009373407,0.017416229,-0.005053997,-0.026095111,0.039317103,0.019274133,-0.014556298,0.021506205,0.002890175,0.043139493,0.011933316,0.02894939,0.030182637,0.012535777,0.029865177,0.017344113,-0.043665406,0.006879972,0.007434978,-0.013678025,-0.008633147,0.015037877,0.024286641
0.017694167,0.004489318,0.020545002,0.026123534,0.024947136,0.017036022,0.017618519,0.013687819,0.010032005,0.012830036,0.009915736,0.006055373,0.017404257,0.012394596,0.005524903,0.02368701,0.040552596,0.009846676,0.01518956,0.016857384,-0.009513932,0.034500832,0.021825293,0.008491043,0.031436045,0.020447116,0.012995589,0.027362097,0.006923702,0.014102751,-0.039460263,0.063760614,0.030844675,0.04264119,0.017442303,0.038265538,0.024234971,0.009950331,0.024605811,0.001296176,0.014399097,0.01126138,0.00281747,-0.006354992,-0.033317269,0.053074361,0.023788862,0.00305577,0.022858138,0.019007964,0.017563569
0.022012404,0.013601971,0.012985167,0.024429263,0.021338217,0.003788944,0.012187714,0.034289065,0.017591698,0.006200368,0.016643074,0.037632314,-0.006828088,0.014020133,0.016298284,0.017243384,0.027952641,0.003066587,0.006251559,0.019802046,0.024427182,0.009367787,0.022563869,0.020715732,0.010338858,0.016947004,0.012141758,-0.017448591,0.01711698,0.013716806,0.046803114,-0.016180789,0.032186686,0.055202155,0.033997609,0.007932053,0.026408762,0.033534781,0.028524467,0.002587324,-0.030849843,0.003353832,0.012779727,0.048876898,-0.030844675,0.017402953,0.020582382,0.028573372,0.027856955,0.004175371,0.019752842
0.017670075,0.011749166,0.020171575,0.035313966,0.029056286,0.017105852,0.013837867,0.015462893,0.015506139,0.008446162,0.017777316,0.021691361,0.017507258,0.046063415,0.006447254,0.029298389,0.041781115,0.002153301,0.021194316,0.014889352,0.000974505,0.014041578,0.015569904,0.030426508,0.016450366,0.021710555,0.021961046,0.029431281,0.029413617,0.013732535,0.020367303,0.012770311,0.044255009,0.009277734,0.016574965,0.040912284,-0.004123717,0.049802822,0.037531999,0.049159236,-0.047942753,-0.003353832,-0.006768889,0.017197328,0.026160826,0.022117805,0.020167277,0.068053463,0.029772158,0.014478019,0.008851182
0.016878255,0.020454956,0.00951164,0.044005308,0.013062541,0.013589814,0.016645711,0.034257811,0.013418375,-0.010350446,0.017254772,0.027332733,0.018499524,0.024703316,0.01648017,0.029703783,0.018154111,0.007062211,0.022517295,0.020782314,0.03317426,0.01247119,0.021373485,0.023302798,0.033647353,0.017046425,0.015614608,0.034786121,-0.002443564,0.016108245,-0.048655765,-0.017229075,0.0588405,0.02002679,0.00273598,0.007555352,0.02045061,0.037740328,0.002164503,-0.012376396,0.03533131,0.001119194,-0.006010838,0.022756987,-0.037063417,0.024692613,0.011221525,-0.039553178,0.00796817,0.053959142,0.022652999
0.020592195,0.017529263,0.009312645,0.032202064,0.021827567,0.010448418,0.008286376,0.003564776,0.016195497,-0.001443701,0.013693465,0.015448636,0.017460229,0.008815172,0.01602297,0.028117474,0.019484334,0.007673102,0.01210795,0.015872986,-0.013262038,0.022949767,0.024299209,0.021026356,0.029593809,0.01358185,0.002012938,-0.015111813,0.01835976,0.008162175,-0.036890411,0.067203784,0.028170877,0.026793012,0.010869672,0.010695289,0.018717124,0.049439726,0.00646554,0.020949626,0.064678489,0.008908745,0.016344793,0.018167304,-0.022791254,0.015128882,0.016177449,0.012884931,0.015748357,0.009680618,-0.002760526
0.013030484,0.007739083,0.001458752,0.023329179,0.011427633,0.009128206,0.014865872,-0.002728792,0.019271008,0.005424186,0.013892861,0.020970411,0.018565576,-0.009707855,0.010987785,0.026399861,0.024084839,0.006225654,0.01013716,0.012916759,0.038679067,0.013508123,0.017083383,0.029451493,0.023099755,0.020175399,0.013672168,-0.014340292,0.024097633,0.011649946,0.056914363,-0.00652075,0.037005196,0.011681401,0.005390849,0.035531428,0.010540282,0.010152371,0.019149521,0.028848154,0.024197517,-0.002219757,0.009053398,0.029034298,0.010536199,0.014903406,0.015919901,0.070698386,0.023167059,0,-0.008676091
0.021528525,0.018437003,0.016623641,0.031101881,0.01975834,0.018971074,0.01294558,0.008769016,0.017785395,0.003069232,0.011832595,0.039244615,0.012049583,0.031391526,0.019051506,0.017858644,-0.005095002,0.003994342,0.018362243,0.02078265,-0.000919713,0.037641268,0.021576489,-0.006393581,0.0368986,0.004283146,0.014447011,0.049564543,0.029049374,0.014070142,0.043749931,-0.011751017,0.044867338,0.016862419,-0.002691792,0.008180005,-0.005256254,0.036072441,0.017755036,0.044039561,-0.079217684,0.001110494,0.030866648,0.022013468,0.022555056,0.029156584,0.014851758,-0.053073679,-0.010230268,0.01339733,0.016934913
0.015698301,0.015791178,0.024253728,0.024401023,0.020378468,0.011810929,0.002335557,-0.039614852,0.013568718,0.007301095,0.023751684,0.009393871,0.009133843,0.031614247,0.004685772,-0.004976869,-0.007875911,-0.003266557,-0.000224233,0.004987006,0.032089263,0.025658745,0.027337009,0.037388996,0.000458705,0.014373914,-0.000133076,0.0394915,0.004155227,0.004192652,0.020096788,-0.01236933,0.041187558,-0.026447823,0.018692133,0.015159462,0.028573372,0.036525799,0.043551186,0.017978012,0.068573806,-0.001110494,0.016579129,0.032890154,-0.006045968,0.025533302,0.012210164,0.081170921,0.037835534,0.018832948,-0.004120885
0.01117886,0.019310311,0.00153785,0.022439026,-0.000161186,0.004139168,0.008273685,0.023752079,-0.011745125,0.00489136,0.024416414,0.006855362,0.002092837,0.018615421,0.004959995,0.008573763,-0.020396104,0.008802922,0.01117351,0.007967979,0.024022805,0.025326511,0.013370379,-0.032053807,0.00812283,0.011075737,0.006881187,-0.051881514,-0.012693408,0.012134674,-0.023190713,0.02971216,0.022550826,-0.011370937,0,-0.011094415,-0.00642263,-0.000854336,0.006913608,0.001112966,0.067726393,-0.003338901,-0.026506664,0.028191778,0.023967594,-0.019802627,-0.001619434,-0.158886964,0.007398307,-0.005612737,0.038148086
0.010731238,0.014777175,-0.008734816,0.012003428,0.002829299,0.001375775,0.002916131,-0.025337076,-0.011198303,-0.001547824,0.019761163,0.006535994,0.001550507,-0.003187494,0.00849677,-0.010916495,-0.038648374,0.002947258,0.021300181,0.005981936,-0.005158432,0.012810498,-0.001395537,-0.001914541,0.010990804,-0.003399738,0.002004973,-0.031419886,-0.037349054,0.002387648,0.050496164,-0.014509967,0.010238997,-0.023570836,-0.016000341,-0.030898442,0.00642263,-0.001710864,-0.008897735,-0.017957834,-0.048580509,-0.012338911,-0.001151853,0.013803343,-0.002964722,-0.023122417,-0.008136741,0.009022618,-0.017348638,-0.03047855,-0.03436996
0.003822343,-0.040205575,-0.008918535,0.010317441,-0.008949392,-0.004339345,-0.017192184,-0.096337245,-0.020216445,-0.03393429,0.001583701,-0.003042673,-0.006291184,0.016684618,-0.033921474,-0.011962252,-0.028204916,-0.016045232,0.000110101,-0.004007461,-0.003948031,-0.006041519,-0.056174291,-0.035927978,-0.008581764,-0.038772844,-0.026168045,-0.009202271,-0.030020694,-0.005709536,0.051672011,-0.042867146,-0.006814336,-0.038007226,-0.02449102,-0.100028406,-0.0115906,-0.0216365,-0.016016358,-0.12147046,-0.12846467,-0.018223739,-0.080362902,-0.03898986,-0.088740359,-0.044850566,-0.10047053,-0.037366147,-0.110931561,-0.091063889,-0.08885182
-0.044845378,-0.016638559,-0.010434713,0.01917167,-0.024274361,-0.017003498,-0.035449442,-0.048903147,-0.034926559,-0.041376193,0.005119983,-0.00840965,0.00068248,0.019773021,0.000958246,-0.140508822,-0.034704635,-0.052232194,-0.023546894,0.012915897,-0.040984289,-0.082185978,-0.050839025,-0.02487614,-0.071283485,-0.045869978,-0.030187098,-0.041334007,-0.001833886,-0.015678233,0.014285957,-0.047880145,0.021978907,-0.00995934,-0.062520357,-0.107289157,0.009026496,-0.036529674,-0.057099058,-0.029852963,-0.045292246,-0.064078857,-0.04731332,-0.043701856,-0.191055237,-0.021639175,-0.049061204,-0.082571154,-0.090572816,-0.093193777,-0.074252087
-0.001039373,0.019831845,-0.0048972,0.036609172,0.012242674,-0.003275846,-0.007935765,-0.014755564,0.034946756,-0.0017248,0.014048458,0.051716248,0.008414434,0.018860042,0.014472765,-0.01064106,-0.063151198,-0.015392312,0.013419467,0.003992021,0.01368685,0.006314884,-0.007073426,0.043721341,0.00951341,-0.011966788,0.022627247,0.019429767,0.007578965,-0.0034369,-0.034472351,0.005662821,0.0584582,-0.010519191,0.01166194,-0.011650617,-0.001284522,0.040023127,-0.018329354,0.10733485,-0.003632698,-0.006146301,0.015161651,-0.053936613,0.091518096,0.024692613,0.014131182,0.102571821,-0.050167259,0.047682131,-0.015863664
0.007665591,0.024393521,0.011913392,0.033509297,0.013433744,-0.000631167,0.004921496,-0.032751514,0.005157388,-0.000454359,0.019081902,0.025694922,0.011748871,0.0125977,0.028027003,0.005869415,-0.051411254,0.031933162,0.01614642,0.004988065,0.040028629,0.017135696,0.02457249,0.042882538,0.008980597,0.001627056,0.031176209,0.015580134,0.015264367,0.002315662,0.035653686,0.00767071,0.044726036,0.014152256,-0.026433257,0.019342963,0.011501724,0.047668599,0.017260407,0.071907751,0.016840815,0.017115332,0.04168147,0.025317808,0.060498112,0.018127385,0.030403079,0.098559068,0.040950604,0.039135429,0.01868454
-0.028280417,0.024435691,0.012160965,0.023366165,0.014906567,0.003802215,0.002164906,0.011698685,0.019335444,0.000471808,0.015125549,0.013720815,0.014435072,-0.011828437,0.004262179,-0.015567639,0.002512242,0.017184596,0.013079593,0.013902312,0.02647132,0.012681307,0.003558632,-0.004080922,0.012170645,-0.001571158,0.028524736,0.021199771,0.067753282,0.006646304,0.027941282,0.018673265,0.042810965,0.011268995,-0.002980628,0.022728251,0.020126466,0.006628028,0.035718083,0.019629856,-0.027410019,0.018018506,0.013516487,0.057203216,0.078484347,0.026589454,0.022432524,-0.095517241,0.015314235,0.037661355,0.024643536
0.011781363,0.017847627,0.001901029,0.022388976,0.010128422,0.008101967,0.007431427,-0.004483233,0.018609946,-0.001930234,0.012381047,0.031315665,0.014833007,0.007274791,0.021850756,0.009785467,-0.005097827,0.010777398,0.033581394,-0.006017454,0.041605608,-0.066384442,0.018849291,0.076992395,0.024620669,0.002277011,0.028496071,0.016925723,0.016238814,0.011320684,-0.007297901,-0.043429558,0.032696587,0.012472322,0.011869576,0.027095254,0.027028672,0.037281465,0.038466281,0.04021706,-0.00532679,0.018868484,0.039095525,0.049768904,0.037347469,0.034387342,0.021940327,0.204597537,0.006060625,-0.004115232,0.011709736
0.015799154,0.014913551,0.034942096,0.023467819,0.009396361,-0.003291248,0.010077108,0.027942221,0.017104577,0.006519167,0.018026252,0.027373347,0.014562525,0.008195774,0.017220382,0.016590051,-0.004159612,0.010319572,0.019137154,0.014888625,0.017189112,0.007458175,0.003931862,0.055353807,0.005288796,0.010421263,-0.00299306,0.025505635,0.020839955,0.006799499,-0.065309829,0.044429058,0.028947576,0.01362958,-0.023881732,0.048616568,0.015634714,0,0.04940472,0.038661987,0.052032544,0.006984895,-0.000391313,0.025752496,0.064012541,0.025036078,0.010362787,0.16084674,0.038523282,0.050261835,0.015784736
0.006965457,0.010623866,0.023862264,0.024819049,0.01726795,0.009511117,0.005202959,0.007753128,0.008638303,0.005989322,0.014895633,0.01891948,0.009581071,0.013656438,0.009844804,-0.000686452,-0.001098739,0.009039731,0.005396562,0.013902838,0.007196736,-0.004741407,0.01314399,-0.023621596,0.005982502,0.004613406,0.005383068,0.022879269,0.01026024,0.011056295,0.01673167,0.028559302,0.024162249,-0.006132301,0.02092752,0.022884294,-0.048909503,0.022030789,-0.037558579,0.010918223,0.053902991,-0.001160766,-0.012603554,0.031285137,0.010653311,0.024424552,0.0102565,-0.144885689,0.017291497,0.038466281,-0.006130287
0.009428771,0.012583935,0.01196662,0.023553567,0.006548525,0.004516176,0.005285392,0.028872998,0.016102981,0.001102919,0.016683169,0.025766002,0.01496707,0.001915256,0.010091386,0.02454328,0.016002166,0.008298207,0.006964814,0.009949903,0.020015353,0.019278829,0.010465208,0.026571423,0.007719057,0.007312487,0.004159538,0.034950086,0.01674979,0.010638626,0.045102581,-0.00779731,0.037740328,0.009619663,-0.026988145,-0.002265007,0.036904557,0.025356718,-0.027862499,0.011776387,0.038424444,0.001160766,0.011428696,0.018983621,0.047913356,-0.005376357,0.023530497,0.015710293,0.016997576,0.046091107,0.000768344
0.000657899,0.010781238,0.011371791,0.02507695,0.005638238,0.003573676,0.007393828,0.018701,0.027053851,0.007425823,0.013991166,0.025351631,0.016958738,0.001631144,0.009674623,0.01885944,0.012615529,0.00808115,0.000472525,0.012916462,0.020593632,-0.004087549,0.005098003,0.030724699,0.006780594,0.000372204,0.022267954,0.025446756,0.020166821,0.009462082,-0.02269268,0.006825965,0.040055417,0.034220619,-0.012232568,0.041094066,0.027398974,0.028423753,0.060683978,0.031687721,-0.01540973,0.006936444,0.020939113,0.046581068,-0.018782414,0.02396919,0.007447283,0.1464127,-0.011299555,0.050932869,0.033978354
0.009251143,0.012267839,0.014410435,0.02233054,0.020285365,0.001638937,0.00198612,0.014162705,-0.003895746,0.000237348,0.014598684,0.000802732,0.010495299,0.008154774,0.006229723,0.015790441,0.033234908,0.004418143,0.015650233,0.012916274,-0.001584717,0.00207193,0.012697505,0.001638637,0.008404252,0.003673512,-0.014307621,0.021582153,-0.002144068,0.005732585,-0.014750118,0,0.027829987,0.00545189,0.027315811,-0.020891359,0.008191971,-0.009633272,-0.016276089,0.000944733,0.008988017,0.014865911,-0.018590776,-0.041222716,-0.024123977,0.01825344,0.016353594,-0.058103205,0.002836881,0.003418807,-0.014582423
-0.000881107,-0.00018051,0.004492935,0.019415187,0.004612969,-0.020576233,-0.001559793,0.019976537,0.002097431,0.002904088,0.013794507,-0.00360836,0.018563471,0.010862747,0.007206966,0.005150267,0.020415556,0.019041522,0.013618881,0.012916267,-0.010189275,0.02095861,0.013582977,0.019863304,0.00270573,-0.004045716,0.015266353,0.026164875,-0.000101224,0.002977881,0.008000043,0.002426597,0.027076404,0.00666947,-0.006006024,0.00554018,0.004651171,-0.013493458,-0.002899954,0.006588259,0.018440239,0.006787356,0.029657479,0.013271595,0.019780865,0.017926216,0.003238869,-0.01103764,-0.005681833,0.035209001,0.004134567
-0.002199702,0.003206378,0.01917647,0.016714237,0.012612095,0.008757835,0.001950472,0.004285938,0.005123847,0.008162245,0.01476896,0.0296085,0.004843087,0.009058987,0.005904861,0.012238158,0.002909382,0.00712326,0.015466407,0.007967583,0.018575422,-0.008383431,0.011089518,-0.002000052,0.01275452,-0.008483574,-0.064802841,0.010875987,-0.015786853,0.00759479,0.014240747,0.035709579,0.024097552,0.011565598,-0.006042314,0.022939291,-0.015196084,0.007518832,0.012506176,-0.004701466,-0.010242011,0.020089961,-0.003421406,-0.005950431,-0.064030852,0.025063969,0.006446437,0.003324103,0.002844952,0.021190687,0.008218201
0.002406199,-9.51E-05,0.016548204,0.019132181,0.02210703,-0.000559483,-0.00111319,0.014711236,0.001792626,-0.021992028,0.016544574,0.019022572,-0.001160713,0.003027985,0.005420268,0.006840566,0.006817021,0.005607248,0.016662727,0.000999433,-0.033785178,0.008446959,0.008190169,0.028268751,0.000298263,-0.002423001,0.089590667,-0.003888414,0.025048299,0.003990983,-0.037211735,-0.007511772,0.027950394,-0.007006004,-0.082064953,-0.016331337,0.018670321,0.024418527,-0.004791576,0.021446043,0.000709723,-0.001105583,0.042496145,-0.001991371,0.130336038,-0.012453461,0.019881371,0.048052429,-0.008559253,-0.014622519,0.000743771
-0.003085938,0.007249039,0.014466375,0.019364931,0.002873866,-0.018214732,-0.005375347,0.009146506,0.006062274,-0.002919138,0.014603965,0.003324227,-0.000141776,0.005906001,0.005819166,0.001866082,0.006221848,0.00885062,0.012252988,-0.00200138,0.013651693,0.014656347,0.010757171,0.008614451,0.00346769,-0.013672228,0.018703976,0.016692189,-0.001569111,0.008937636,-0.033999958,0.011712479,0.01423122,-0.010392943,0.032365285,-0.015487035,0.013777485,-0.013986242,0.04874442,0,-0.039064642,0.00881063,-0.03339828,0.008600781,-0.047441786,-0.002509412,-0.004735605,-0.001054852,0.011396135,0.022654691,0.01329414
-0.001082599,0.015321822,0.00632947,0.017970281,0.00566275,-0.013064022,-0.005306052,0.007161047,0.007678345,0.003730869,0.012492826,0.014300389,0.010441046,0.006797323,0.003283421,0.024791923,0.012328899,0.006245461,0.023852459,0.00498692,0.036426664,-0.010291847,0.003087054,-0.013641933,0.001810702,-0.00506595,0.008291113,0.015687737,0.016780173,0.0029859,0.037255964,0.002790699,0.021506205,0.009979293,0.01892801,0.014388737,0.002277905,-0.011931536,0.046478428,-0.023332836,0.118479543,0.006557401,0.01386569,0,0.036691747,-0.005037794,0.008664883,-0.058680602,0,0.001598721,0.002198608
-0.001132611,0.002681597,0.00810928,0.020290991,0.011507576,-0.021198549,-0.002810504,0.002167211,0.010899021,-0.00229074,0.012652828,0.016569146,0.009976356,0.0052636,0.006638231,0.004882299,0.007225355,0.008392569,0.017496231,-0.004007664,-0.032744413,0.008013433,-0.000370941,0.020022312,-0.000815089,-0.012355353,0.025833024,0.013260681,0.002325853,0.004340221,0.020511477,0.00970657,0.02831862,-0.026411093,-0.028528084,-0.025599617,0.070281385,0.011189971,-0.042825456,0.02885263,0.005880448,-0.012054941,0.037616266,-0.026703856,0.018358496,-0.005063302,0.002350177,0.006692719,-0.0258264,0.007955491,0.009471838
0.000665231,-0.000841214,0.010435893,0.018501946,-0.000190256,-0.016337824,-0.004677893,0.009980669,0.008335525,0.006576841,0.014629589,0.014250311,0.010487626,0.008760598,0.005912967,0.002318637,0.009072474,0.003479933,0.021421741,0.001997914,0.076304533,0.009119535,0.008047023,0.016227587,0.005583769,-0.001509596,-0.000936987,0.035569768,-0.00300743,0.004136129,-0.046861293,0.0240866,0.026532169,-0.024076829,0,0.008978736,-0.003186407,0.004441162,-0.011921278,-0.001836548,-0.011795681,0.00549754,-0.017354015,0.033269868,0.013052394,0.002534856,-0.0078555,-0.012304406,0.011560822,0.023493641,-0.005453567
0.000491773,0.02284891,0.015074979,0.016870573,0.003190034,-0.018439177,0.001526368,-0.004535266,0.004476705,0.008731951,0.014475267,0.015573471,0.017365101,0.009555261,0.010728428,0.009331872,-0.000790948,-0.00698637,0.010578775,0.010940139,0.007381209,0.014273309,0.001452134,0.020884815,0.005027639,0.00029715,-0.006115922,0.025844985,0.009881601,0.010544623,-0.02321269,-0.025006986,0.013006687,0.03674057,-0.009693129,0,-0.001064396,0.007358385,-0.01113184,-0.009233676,-0.038640789,-0.009917437,0.016995528,0.039774325,-0.020151815,0.022529113,0.008637667,0.073223265,-0.011560822,0.025975486,0.014117882
0.00666951,0.003645984,0.008677761,0.020888382,0.013788421,-0.001584184,0.003195855,0.009737268,0.006008919,0.012451688,0.012346025,0.016434213,0.009727278,0.003972365,0.008247753,0.012425197,0.010917073,0.009655025,0.016042131,0.007968021,-0.000723664,0.009094671,0.008524384,0.005592761,0.005848236,0.005943399,0.007514098,0.013378388,0.007829596,0.0045798,0.049156085,0.03572616,0.029385072,-0.00842465,-0.003252035,0.036208015,0.00212766,0.022472856,-0.008430963,-0.003717476,0.05043647,0.004419897,0.018120944,-0.015848192,0.028594875,0.024451096,0.005458103,-0.016878038,0.00290276,0.014970339,-0.007577161
0.003569801,0.000122683,0.003851925,0.016976151,0.004762702,-0.006635396,0.012668901,0.00331122,0.009329008,0.010922231,0.011996367,0.020523526,0.00506944,0.004728962,0.009415208,0.009304384,0.005774108,0.005437977,0.010956557,0.000999508,0.007179296,0.013586471,0.007380292,0.011772323,0.004621958,0.012824811,-0.000423202,0.007290238,0.014764721,0.012798115,0.014528101,-0.004452367,0.023844716,0.005484089,-0.014435946,0.010718216,0.015814773,-0.004310352,0.02783111,0.023010679,-0.018077731,0.007688121,0.007017573,0.040080506,-0.004460974,0,0.00620157,0.024173537,0.014388737,0.020588963,0.009372816
0.002098286,0.004958909,-0.000516583,0.016978902,0.013480102,0.000113958,-0.001520157,0.009050152,0.009053125,0.008733786,0.011611785,0.005917367,0.009920134,0.013301318,0.010011213,0.012415655,0.003940739,0.006425326,0.019494377,0.009950045,0.026948609,0.003905344,0.002286205,0.010541819,0.009697221,0.00331771,-0.003917068,0.026300631,0.00585189,-0.003908788,-0.043814582,-0.006266807,0.017749182,0.008795868,0.030591386,0.019007964,0.017626169,0.017838504,0.001828154,0.003633065,-0.048939429,0.007629465,0.006621387,-0.02927646,0.034662977,0.004819286,0.001544402,0.009302393,-0.011494379,0.028696374,-0.000358873
0.008203783,-0.012751056,0.00469665,0.017672646,0.00256421,-0.002899353,0.009390699,0.007669214,-0.001569759,0.012377308,0.012303722,0.03123271,0.010140101,0.006414976,0.006025226,0.006628452,0.004002347,0.012638999,0.016844974,0.010940395,0.000188282,0.003827723,0.004098386,0.007813797,0.00560612,0.009866012,0.005599955,-0.015622252,0.01235243,0.002438524,-0.067528895,0.01338111,0.017439634,0.001666667,-0.009661911,0.024794659,0.00614756,0.01752586,-0.033429297,-0.007279377,0.0588405,0.014016402,0.025039895,-0.029508235,0.125642874,0.002400962,0.016832838,-0.002059733,0.014347448,-0.012811563,0.000717618
0.005072501,0.00197164,0.000457047,0.017326133,0.009826466,-0.000548804,0.012924057,0.00548857,0.014610357,0.008483875,0.012564636,0.017827476,0.006217389,0.006462138,0.006625148,0.00289916,0.002755676,0.003733019,0.00743518,0.008959889,0.015425694,0.014934476,-0.007120765,0.006206428,0.007941071,0.006097925,0.009843311,0.023294145,0.011203935,0.006355387,0.02082947,-0.018784094,0.018034754,0.003739876,0.006451635,0.011161963,0.015205564,0.011057473,0.035254115,-0.008253142,0.002296212,-0.002143624,0.002706362,-0.017734455,0.030014758,0.011919092,-0.003800841,-0.011926509,0.011331566,0.014224991,-0.025060327
0.010167749,0.004345049,0.01240244,0.016858729,0.011816619,-0.001762927,0.013008959,0.014626851,0.00377425,0.006137673,0.01176271,0.008273532,0.015000117,0.004794344,0.00476511,0.002037114,0.006770057,0.011019819,0.018339119,0.004987238,0.021890143,0.008304055,-0.002080534,0.016576598,0.00561187,0.00319902,0.011078418,0.014836896,0.005024772,0.010801434,0.034486176,0.00180424,0.018592833,-0.008748233,0.003210276,-0.015251948,0.016958012,-0.00758886,0.009074472,-0.004614683,0.012373977,0.008547061,0.018742182,-0.030274764,0.058230164,0.007083855,0.00152207,-0.010487773,0.011204599,0.005633818,0.030782804
0.008554199,-0.011493004,0.000845687,0.016127127,0.000381039,0.009169995,0.015892388,-0.00765364,0.006326112,0.014864721,0.011130315,0.015090909,0.003695371,0.001803864,0.008252644,0.00528382,0.008754014,0.005455188,0.010085659,0.012916086,0.002921756,0.01193968,-0.012530406,-0.002051061,0.016591766,0.0046001,0.004325561,0.018420133,0.006391912,0.004243979,-0.023147197,0.014317918,0.00873368,0.002089865,-0.003210276,0.049960439,0.008862687,0.002766253,0.009887721,-0.008360476,-0.030893025,-0.004264399,0,0.02295847,-0.189242,0.025553074,-0.026976588,-0.016476589,0.02203946,0.012561226,-0.001070473
0.007652703,-0.022250246,0.01173896,0.017398523,0.0166387,0.010278382,0.014544087,0.01375732,0.00619615,0.001953474,0.010929473,0.029121848,0.001615801,0.011579348,0.003690582,0.008348998,0.009954419,0.010414741,0.02080625,0.006976278,-0.009619927,0.000648444,-0.013857463,0.006282776,0.007550006,0.006741704,0.003745788,0.01486814,-0.013769397,-0.005929347,-0.036656787,0.007964644,0.014674411,0.009557521,0.019108862,0.011628038,0.01169604,0.004822607,-0.021700671,0.002794599,0.053293962,0.003200003,-0.00033162,0.023095715,0.014870162,-0.004597709,-0.002346501,-0.004296462,0.008141158,0.032745081,-0.028609592
0.011972943,-0.014181833,-0.001170399,0.016494103,0.017813658,0.005513611,0.010766565,0.001559488,0.005380178,0.00701579,0.013162044,0.01938941,0.002672509,0.008172229,0.012380371,0.006841467,0.010023497,0.012171219,0.012089245,0.010939282,0.01864097,0.016750888,0.000904915,0.008218351,0.013111743,0.002352532,0.014284546,0.011741631,-0.00104495,-0.000100622,0.077860322,-0.029519138,0.014462183,0.024107398,0.021841742,0.010541545,0.000968523,0.022427036,0.003649639,0.022080014,-0.006349228,0.016895861,0.008257685,-0.037890874,-0.008802466,0.009174376,0.008577051,-0.028940049,0.005390849,0.018617559,0.019283843
0.007549953,-0.008208888,0.010457876,0.015535524,-0.001974252,0.008302251,0.006774882,0.00542844,0.00084135,0.009814592,0.014182558,0.011240805,0.009798363,0.001851303,0.007573152,0.001366834,-0.003572344,-0.000425332,0.021304353,0.011928771,0.004394428,0.011529547,-0.002871892,0.002228586,0.008794685,0.005443211,0.008377457,0.013749667,0.000286036,0.001029935,0.027095254,0.006785821,0.018410562,0.014031098,-0.00619197,0.014198062,0.027686733,0.011359962,0.026068892,-0.003646312,0.037504395,-0.011585174,0,0.001354096,0.007879531,0.018100042,0.001551591,-0.008344972,0,0.003944778,0.003237995
0.010862223,-0.008721277,0.005037241,0.015486869,0.018534957,0.018056451,0.002918912,0.013277077,-0.000921551,-0.004364125,0.010491703,0.027819864,0.011448813,0.000635276,0.006294178,0.00298775,0.000801202,0.006066098,0.013845487,-0.002002173,-0.005329632,0.012516728,0.001812804,0.00665308,0.00654182,0.008952021,0.007671004,0.003987949,0.007811579,-0.002456361,-0.045999408,0.014768673,0.009901071,0.010691054,0.02756683,-0.032476589,-0.002828856,0.015166793,-0.022432524,-0.007332755,-0.037504395,0.003172927,0.022765211,-0.01156869,0.064365376,0,0.010794245,0.029179059,0.052367986,0.009144414,-0.001078167
0.009799874,-0.001735488,-0.003382811,0.017247051,0.002614817,0.010093468,0.003399136,0.001550597,0.012447727,0.01306135,0.012896563,0.030079012,0.012966186,0.010372833,0.008052367,0.006404271,0.004867672,0.004732296,0.01928915,0.012916283,0.043311632,0.015029273,-0.003809258,0.00830198,0.005629458,0.009317443,0.006892538,0.011402116,0.009302041,0.007858004,-0.05267812,-0.021100671,0.01467019,0.011357083,-0.006060625,0.028710106,0.022409901,0.020726131,0.011727694,0.016423727,0.006349228,-0.003172927,0.015949301,-0.03482246,0.032370799,0.006703936,0.000766577,0.023593588,0.007623925,0.006480904,0.013216838
0.007103294,-0.006520324,0.005850825,0.016797139,0.014059171,0.010184655,0.00370594,0.01824694,0.010382423,0.00557388,0.011869073,0.012727004,0.011256181,0.006183909,0.003991115,0.011625135,0.003570627,0.010928602,0.013334282,0.001998135,0.006285897,0.000710436,-3.22E-05,0.00489216,0.005750234,0.013267862,0.007535455,-0.028561423,0.003679402,0.002228166,0.001786512,0.000453618,0.017642799,-0.017678716,0.006060625,-0.003780723,-0.001848429,-0.003210276,-0.009914457,0.001808319,0.028082969,0,0,0.071776614,0.030543026,0.002224695,0.015963851,-0.027943785,0.017566324,-0.020888488,-0.010344305
0.012230691,-0.005860098,0.001368578,0.016245195,0.010005903,0.01866127,0.007853696,0.009882636,0.011939456,0.00798172,0.012380101,0.005424063,0.010278936,0.000799343,0.007086763,0.012677823,0.017264899,0.011015695,0.018118676,0.0207829,0.006334038,0.020410958,0.005670109,0.020913627,0.009190468,0.006821996,0.008646733,0.053333427,0.008471868,0.00074142,-0.004472279,-0.004089985,0.01733692,0.019235137,0.0443204,0.007547206,0.00645461,0.004491506,0.006320563,0.014350022,0.033285978,0.006335818,0.01569891,0.000659413,0.046852555,0.017621601,0.026052832,0.093574714,0.012361097,0.04134956,-0.006835788
0.008663094,0.014698272,-0.008542727,0.015771636,0.004117226,0.007779486,0.014129198,0.01452679,0.008039453,0.013736447,0.012029725,0.019287075,0.002756984,0.002774254,0.00971076,0.010953484,0.016650808,0.004387384,0.013475689,0.01093952,0.017872464,0.023484972,0.007638188,0.002465949,0.006776633,0.016855219,0.010963484,0.014199785,0.007809782,-0.000642466,0.011586582,-0.036637531,0.016273122,-0.020424905,-0.020438668,0.024142305,0.015504187,0.007017573,-0.003606857,0.019400961,-0.018018506,-0.001053186,0.009302393,-0.011269592,0.019589641,0.025863511,-0.013313806,-0.003978126,0.021872075,0.015075662,-0.009066245
0.009458848,0.003381021,0.008761526,0.017004774,0.012691301,0.009511478,0.022751145,0.01166003,0.007892925,0.011703364,0.012472267,0.020751142,0.008907795,-0.005558212,0.006303724,0.00758685,0.01257735,0.004268095,0.019363383,0.008959531,-0.006991225,0.014740649,0.010259823,0.003650226,0.009747084,0.013694418,0.013818992,0.019359818,0.005320222,0.007283681,0.017567426,0.022882156,0.015255826,-0.006369448,-0.002954212,0.020881376,0.017937701,0.010120263,0.036367644,-0.01230244,0.018018506,-0.00316623,0.009216655,-0.014775286,-0.00993892,0.01268516,0.009633272,0.021198723,0.021403909,0.029486166,0.006897831
0.009071672,0.001382748,0.022550009,0.016324647,0.001695739,0.009870247,0.005928189,0.003264949,0.007606007,0.009157218,0.012771108,0.018977166,0.011318167,0.005655078,0.013854451,0.010055983,0.009090268,-0.003964227,0.016986193,0.010940217,0.028050328,0.01915685,0.000875006,0.022211577,0.005369532,0.008996816,0.011045547,0.015771563,0.011948556,0.006897998,0.032129557,0.046016237,0.013534041,0.022117805,0.008836582,-0.007213737,0.012367649,0.011886283,-0.019349768,0.008802874,0.052185753,-0.006362694,0.021180822,0.008757213,0.049101112,0.014598799,0.002209946,0.061026263,0.027844026,0.030991753,0.007568967
0.007396159,0.002776976,0.008280473,0.015489917,0.015117273,0.009188499,0.006435319,0.018096812,0.010725158,0.014104848,0.012974429,0.015989076,0.010348884,0.016749189,-0.002128247,0.007696704,0.006841875,0.01051775,0.013630111,0.013902784,0.010614346,0.007731873,-0.014079337,0.00791334,0.01353821,0.021846766,0.002907489,0.024408703,0.008049048,0.008468182,-0.011021731,-0.009302393,0.015561633,-0.009024978,0.00875918,0.017937701,-0.008818399,0.027600648,0.014984855,0.00087604,0.014025475,0.006362694,-0.002998503,-0.038282187,0.045754943,0.022518864,-0.002947681,-0.018527626,0.033748985,0.032335381,0.014260491
0.008548086,0.0041051,0.011258444,0.017087827,0.005148294,0.010923852,0.005768809,0.000635823,0.018336731,0.013243829,0.01133736,0.022153379,0.010645891,0.00109092,0.009969414,0.00885717,0.01994303,0.010188163,0.014391244,0.014888588,0.020730412,0.002825355,0.021304573,0.011498031,0.00843697,0.005822151,0.020541423,0.009150182,0.006808699,-0.006855372,-0.002560821,0.007537167,0.021099364,0.006286858,-0.00875918,0.012367649,0.029670588,0.013818183,0.011309385,-0.003508776,-0.014025475,0.004219416,0.01194044,0.050944802,0.0268889,0.00806456,0.01900642,0.029935461,-0.00221484,-0.005698021,-0.018578598
0.008020323,0.000473107,0.006402919,0.015809113,0.009142455,0.007738703,0.004930472,0.017320742,-0.002783794,0.010228856,0.014161821,0.020358486,0.001772205,-0.001546318,0.005931199,0.009416709,0.009546509,-0.001592416,0.014631175,0.009950152,0.004234013,0.012848283,0.012447418,2.44E-05,0.015894419,0.008607088,0.010932179,0.000459297,0.003430013,-0.001312303,-0.036114432,0.003967385,0.012875714,0.027811758,-0.00293686,0.006999154,-0.017346489,-0.002987752,-0.000865426,0.020009367,0,-0.001053186,0,0.079533154,0.014519924,0.023810649,0.00865182,0.02818348,0.006629859,-0.014968616,0.001801478
0.006783565,0.005329749,0.00158786,0.014242654,-0.004687789,0.009408468,0.006783274,0.002636761,0.001235334,0.014101333,0.012034632,0.008496844,0.006998861,0.003807537,0.005609397,0.004239892,0.013253598,0.006034865,0.014776527,0.01587385,-0.021361364,0.0141309,0.001737483,0.003515931,0.007933997,0.013019279,-0.00320856,-0.015867716,0.004699168,0.006468021,-0.038388096,-0.011949689,0.00849262,0.008346027,-0.008862687,0,0.033551534,0.013670347,0.023953241,0.007722046,0.027856955,0.003156236,0.014727807,-0.074249125,-0.039314583,0.001958864,0.00143472,-0.004420874,0,-0.002322881,0.01677712
